"","Loc.Gov","SD","n"
"1","Abbeville City","Abbeville Housing Authority",3
"2","Abbeville City","Wilcox County Industrial Development Authority",3
"3","Adairsville City","Coosawattee Regional Water and Sewerage Authority",4
"4","Adairsville City","Development Authority of LaFayette",3
"5","Adel City","Byron  Development Authority",4
"6","Adel City","Housing Authority of the County of Atkinson, Georgia",4
"7","Adel City","City of Homerville Water and Sewer Authority",3
"8","Adel City","Ben Hill-Irwin Area Joint Development Authority",2
"9","Adel City","Byron Convention & Visitors Bureau",2
"10","Adel City","Byron Downtown Development Authority",2
"11","Adel City","Tift-Turner-Worth-Cook Joint Development Authority",2
"12","Adel City","Downtown Development Authority of the City of LaFayette",1
"13","Adel City","Savannah Economic Development Authority",1
"14","Adrian City","Calhoun Downtown Development Authority",4
"15","Adrian City","Development Authority of Emanuel County and the City of Swainsboro",4
"16","Adrian City","Emanuel County Development Authority",4
"17","Ailey City","Housing Authority of the City of Mt. Vernon",2
"18","Ailey City","The Housing Authority of the City of Mount Vernon, Georgia",1
"19","Alamo City","City of Willacoochee Development Authority",4
"20","Alamo City","Jackson Housing Authority",4
"21","Alamo City","Hospital Authority of Union County",3
"22","Alamo City","Housing Authority of the City of Alamo",1
"23","Alapaha City","Pike County Water and Sewerage Authority",4
"24","Albany City","Albany Dougherty Payroll Development Authority",4
"25","Albany City","Chehaw Park Authority",4
"26","Albany City","Downtown Development Authority of Demorest, GA",2
"27","Aldora City","Barnesville Housing Authority",4
"28","Allenhurst City","Okefenokee Area Development Authority",3
"29","Alma City","Bacon Industrial Building Authority",4
"30","Alma City","Southeast Georgia Regional Development Authority",4
"31","Alma City","Alma Downtown Development Authority",3
"32","Alma City","Bacon County Development Authority",1
"33","Alpharetta City","Development Authority of Alpharetta",1
"34","Alston City","Housing Authority of the City of Mt. Vernon",2
"35","Alston City","The Housing Authority of the City of Mount Vernon, Georgia",1
"36","Americus City","Sumter County Industrial Development Authority",12
"37","Americus City","Downtown Development Authority of the Mayor and City Council of Americus",4
"38","Americus City","Middle Flint Regional E-911 Authority",3
"39","Andersonville City","Cobb County-Marietta Water Authority",4
"40","Andersonville City","Paulding County Airport Authority",4
"41","Andersonville City","Paulding County Hospital Authority",4
"42","Andersonville City","Paulding County Industrial Building Authority",4
"43","Andersonville City","West Georgia Regional Water Authority",3
"44","Andersonville City","Greater West Georgia Joint Development Authority",2
"45","Andersonville City","Toccoa/Stephens County Airport Authority",2
"46","Andersonville City","Stephens County Development Authority",1
"47","Appling County","Screven County Hospital Authority",4
"48","Appling County","Development Authority of Appling County",3
"49","Arabi City","Arabi Industrial Development Authority",5
"50","Arabi City","City of Vienna Solid Waste Management Authority",3
"51","Aragon City","Downtown Development Authority of Aragon, Georgia",2
"52","Argyle City","Clinch County Hospital Authority",4
"53","Arlington City","Arlington Housing Authority",4
"54","Arlington City","Southwest Georgia Joint Development Authority",4
"55","Arlington City","The Development Authority of the City of Camilla",4
"56","Arlington City","Downtown Development Authority of the City of Arlington Georgia",3
"57","Arlington City","Economic Development Authority of Arlington, Georgia",3
"58","Arlington City","Housing Authority of the City of Glennville",1
"59","Ashburn City","The Development Authority of the City of Camilla",4
"60","Athens-Clarke CG","Solid Waste Management Authority of Athens-Clarke County, Georgia",48
"61","Athens-Clarke CG","Athens-Clarke County Public Facilities Authority",20
"62","Athens-Clarke CG","Athens-Clarke County Land Bank Authority",16
"63","Athens-Clarke CG","Athens-Clarke County Downtown Development Authority",7
"64","Athens-Clarke CG","Athens-Clarke County Industrial Development Authority",7
"65","Athens-Clarke CG","Downtown Athens Development Authority",7
"66","Athens-Clarke CG","Northeast Georgia Regional Solid Waste Management Authority",6
"67","Athens-Clarke CG","Development Authority of the Unified Government of Athens-Clarke County, Georgia",4
"68","Athens-Clarke CG","Walker County Water and Sewerage Authority",4
"69","Athens-Clarke CG","Georgia's Innovation  Corridor Joint Development Authority",3
"70","Athens-Clarke CG","Upper Oconee Basin Water Authority",3
"71","Athens-Clarke CG","Joint Development Authority of Northeast Georgia",2
"72","Atkinson County","Solid Waste Management Authority of Atkinson County",6
"73","Atkinson County","Tri-County Joint E-911 Development Authority",1
"74","Atlanta City","Atlanta Urban Redevelopment Agency",7
"75","Atlanta City","Downtown Development Authority of the City of Atlanta",4
"76","Atlanta City","Eatonton Downtown Development Authority",4
"77","Atlanta City","The Atlanta Development Authority d/b/a Invest Atlanta",4
"78","Atlanta City","Urban Residential Finance Authority of the City of Atlanta, Georgia",4
"79","Atlanta City","Douglas-Coffee County Industrial Authority",3
"80","Atlanta City","McPherson Local Implementing Redevelopment Authority",3
"81","Atlanta City","City of Atlanta Solid Waste Management Authority",2
"82","Attapulgus City","Development Authority of Macon County",1
"83","Auburn City","Barrow County Water & Sewerage Authority",4
"84","Augusta City","Solid Waste Management Authority of Augusta",6
"85","Augusta City","Urban Redevelopment Agency of Augusta",3
"86","Augusta City","Central Savannah River Area Unified Development Authority",2
"87","Augusta City","Richmond County Hospital Authority",2
"88","Augusta-Richmond CG","Downtown Development Authority of Augusta-Richmond County",2
"89","Austell City","Industrial Development Authority of Austell",3
"90","Austell City","Hospital Authority of Cobb County",2
"91","Avondale Estates City","Spalding County Collaborative for Families & Children, Inc.",4
"92","Avondale Estates City","Housing Authority of the City of Thomson, Georgia",2
"93","Bacon County","Development Authority of Elbert County, Elberton and Bowman",4
"94","Bacon County","Alma Downtown Development Authority",1
"95","Bacon County","Development Authority of Macon County",1
"96","Bacon County","Montezuma Downtown Development Authority",1
"97","Baconton City","Downtown Development Authority of the City of Baconton",6
"98","Baconton City","Mitchell County Hospital Authority",4
"99","Baconton City","The Development Authority of the City of Camilla",4
"100","Bainbridge City","City of Bainbridge Public Facilities Authority",10
"101","Bainbridge City","Downtown Bainbridge Development Authority",6
"102","Bainbridge City","Hospital Authority of the City of Bainbridge and Decatur County",4
"103","Bainbridge City","The Downtown Development Authority of Bainbridge, Georgia",4
"104","Baldwin City","Douglasville-Douglas County Water and Sewer Authority",4
"105","Baldwin County","Fall Line Regional Development Authority",4
"106","Ball Ground City","Canton Building Authority",4
"107","Ball Ground City","Cherokee County Water and Sewerage Authority",3
"108","Banks County","Joint Development Authority of Banks, Habersham and Rabun Counties",2
"109","Banks County","North Georgia Solid Waste Management Authority",1
"110","Barnesville City","West Central Georgia Joint Development Authority",4
"111","Barrow County","Joint Development Authority of Winder-Barrow County",3
"112","Barrow County","Braselton Downtown Development Authority",2
"113","Barrow County","Georgia's Innovation  Corridor Joint Development Authority",2
"114","Barrow County","Winder-Barrow Industrial Building Authority",2
"115","Barrow County","Northeast Georgia Regional Solid Waste Management Authority",1
"116","Barrow County","Upper Oconee Basin Water Authority",1
"117","Bartow City","Lake Allatoona Preservation Authority",4
"118","Bartow City","Cherokee County Water and Sewerage Authority",3
"119","Bartow City","Resource Recovery Development Authority of Cherokee County",1
"120","Bartow County","Resource Recovery Development Authority of Bartow County",4
"121","Bartow County","Development Authority of Bartow County",3
"122","Bartow County","Joint Development Authority of Bartow County and Pickens County",3
"123","Bartow County","Bartow-Cartersville Joint Development Authority",2
"124","Bartow County","Joint Cartersville-Bartow County Regional Industrial Development Authority",2
"125","Barwick City","The Development Authority of the City of Camilla",4
"126","Baxley City","Development Authority of Appling County",3
"127","Baxley City","Development Authority of Atkinson County",2
"128","Berkeley Lake City","Gwinnett County Airport Authority",1
"129","Berrien County","Berrien County Development Authority",4
"130","Berrien County","South Regional Joint Development Authority",4
"131","Berrien County","Deep South Regional Municipal Solid Waste Management Authority",3
"132","Bethlehem City","Lower Chattahoochee Regional E-911 Authority",3
"133","Bethlehem City","Stephens County School Building Authority",2
"134","Blackshear City","Joint Development Authority of Winder-Barrow County",4
"135","Blackshear City","Winder-Barrow Industrial Building Authority",4
"136","Blackshear City","Glennville Development Authority",3
"137","Blackshear City","The Pierce County Hospital Authority",3
"138","Blairsville City","Camden County Public Service Authority",4
"139","Blairsville City","Downtown Development Authority of Blairsville",4
"140","Blairsville City","Bremen Housing Authority",3
"141","Blairsville City","Development Authority of Haralson County",3
"142","Blairsville City","Housing Authority of the City of Acworth",3
"143","Blakely City","The Development Authority of the City of Camilla",4
"144","Blakely City","The Housing Authority of the City of Atlanta, Georgia",4
"145","Blakely City","Emanuel County Hospital Authority",1
"146","Blythe City","Development Authority of Gwinnett County",1
"147","Blythe City","Miller County Recreation Authority",1
"148","Boston City","Boston Downtown Development Authority",3
"149","Bowdon City","Bowdon Hospital Authority",7
"150","Bowman City","Hospital Authority of the City of Newnan, Georgia",1
"151","Braselton City","Braselton Visitors Bureau Authority",8
"152","Bremen City","Haralson County Solid Waste Management Authority",4
"153","Bremen City","Haralson County Water Authority",4
"154","Bremen City","Hospital Authority of Upson County",4
"155","Bremen City","Residential Care Facilities for the Elderly Authority of Fulton County",4
"156","Bremen City","Downtown Development Authority of Bremen",2
"157","Brooklet City","Downtown Development Authority of Hartwell, Georgia",1
"158","Brooks County","Joint Development Authority of Colquitt, Mitchell, Grady, Thomas and Brooks Counties",1
"159","Brooks County","South Regional Joint Development Authority",1
"160","Brunswick City","Brunswick-Glynn County Joint Water and Sewer Commission",6
"161","Brunswick City","Smyrna Housing Authority",4
"162","Brunswick City","Spalding County Water and Sewerage Facilities Authority",4
"163","Brunswick City","Downtown Development Authority of Brunswick",2
"164","Brunswick City","Urban Redevelopment Agency of Brunswick",1
"165","Bryan County","Satilla Regional Water and Sewer Authority",4
"166","Bryan County","Development Authority of Bryan County",3
"167","Buchanan City","Hospital Authority of Evans County",4
"168","Buchanan City","Haralson County Solid Waste Management Authority",3
"169","Buchanan City","Haralson County Water Authority",3
"170","Burke County","Burke County Economic Development Authority",6
"171","Butler City","Taylor County Development Authority",4
"172","Butler City","Taylor County Waste Management Authority",4
"173","Butler City","Taylor County Water and Sewerage Authority",4
"174","Butts County","Development Authority of Butts County",4
"175","Butts County","Industrial Development Authority of Butts County",4
"176","Byron City","Byron Downtown Development Authority",4
"177","Byron City","Byron Convention & Visitors Bureau",2
"178","Cairo City","City of Cairo Downtown Development Authority",4
"179","Cairo City","South Georgia Governmental Services Authority",4
"180","Calhoun City","Calhoun Downtown Development Authority",8
"181","Calhoun City","Hospital Authority of Gordon County",8
"182","Calhoun City","Coosawattee Regional Water and Sewerage Authority",7
"183","Calhoun City","Development Authority of Gordon County",3
"184","Calhoun City","Downtown Development Authority of the Mayor and City Council of Americus",2
"185","Calhoun City","Calhoun Recreation Authority",1
"186","Calhoun County","Hospital Authority of Calhoun County, Georgia",3
"187","Calhoun County","South Georgia Regional Information Technology Authority",2
"188","Camak City","Housing Authority of the City of Byron",2
"189","Camak City","Fannin County Industrial Development Authority",1
"190","Camden County","Camden County Solid Waste Management Authority",14
"191","Camden County","Camden County Public Service Authority",5
"192","Camden County","Development Authority of the City of Douglasville, Georgia",4
"193","Camilla City","The Development Authority of the City of Camilla",8
"194","Camilla City","Development Authority of Mitchell County",4
"195","Camilla City","Mitchell County Development Authority",4
"196","Camilla City","Mitchell County Hospital Authority",4
"197","Camilla City","Downtown Camilla Development Authority",2
"198","Camilla City","Housing Authority of the City of Camilla",2
"199","Camilla City","South Georgia Governmental Services Authority",2
"200","Camilla City","South Georgia Regional Information Technology Authority",1
"201","Candler County","Candler County Industrial Authority",1
"202","Canon City","Franklin County Industrial Building Authority",4
"203","Canon City","Downtown Development Authority of the City of Canon",3
"204","Canton City","Canton Building Authority",4
"205","Canton City","Cherokee County Development Authority",4
"206","Canton City","Urban Redevelopment Agency of the City of Canton",4
"207","Carl City","Barrow County Water & Sewerage Authority",2
"208","Carl City","Joint Development Authority of Winder-Barrow County",2
"209","Carl City","Winder-Barrow Industrial Building Authority",1
"210","Carlton City","Downtown Development Authority of the City of Danielsville",4
"211","Carnesville City","Franklin County Industrial Building Authority",4
"212","Carnesville City","Development Authority of the Unified Government of Athens-Clarke County, Georgia",3
"213","Carnesville City","Franklin County Water & Sewerage Authority",3
"214","Carnesville City","Franklin-Hart Airport Authority",3
"215","Carnesville City","City of Atlanta Fulton County Recreation Authority",2
"216","Carnesville City","Columbus Airport Commission",1
"217","Carnesville City","Downtown Development Authority of the City of Carnesville",1
"218","Carroll County","Savannah Economic Development Authority",3
"219","Carroll County","The Carroll City_County Hospital Authority",3
"220","Carroll County","Carrollton Payroll Development Authority",2
"221","Carrollton City","Carrollton Payroll Development Authority",4
"222","Carrollton City","Downtown Development Authority of the City of Darien",3
"223","Carrollton City","Housing Authority of the City of Byron",2
"224","Cartersville City","Development Authority of Union County",4
"225","Cartersville City","Joint Development Authority of Winder-Barrow County",4
"226","Cartersville City","Tifton-Tift County Airport Authority",4
"227","Cartersville City","Housing Authority of the City of Elberton, Georgia",2
"228","Catoosa County","Tallapoosa Development Authority",4
"229","Catoosa County","Hospital Authority of the City of Bremen and County of Haralson",3
"230","Catoosa County","Meriwether County Hospital Authority",2
"231","Cave Spring City","Downtown Development Authority of Cave Spring, Georgia",4
"232","Cedartown City","Development Authority of the City of Oakwood",4
"233","Cedartown City","Downtown Development Authority of the City of Dahlonega",4
"234","Cedartown City","Cedartown Development Authority",2
"235","Cedartown City","Cedartown Downtown Development Authority",2
"236","Cedartown City","Gwinnett County Airport Authority",1
"237","Centerville City","Hospital Authority of Houston County",4
"238","Centerville City","Byron Downtown Development Authority",2
"239","Centerville City","The Development Authority of Long County",1
"240","Centralhatchee City","Gainesville and Hall County Development Authority",3
"241","Chamblee City","Downtown Development Authority of the City of Chamblee",2
"242","Charlton County","Solid Waste Management Authority of Charlton County",6
"243","Chatham County","Chatham Area Transit Authority",13
"244","Chatham County","Chatham County Recreation Authority",12
"245","Chatsworth City","Coosawattee Regional Water and Sewerage Authority",5
"246","Chatsworth City","West Georgia Joint Development Authority",4
"247","Chatsworth City","Housing Authority of the City of Royston",3
"248","Chatsworth City","Greater West Georgia Joint Development Authority",2
"249","Chatsworth City","Murray County Industrial Development Authority",2
"250","Chattahoochee Hills City","Pelham Housing Authority",4
"251","Chattahoochee Hills City","Barrow County Water & Sewerage Authority",2
"252","Chattahoochee Hills City","Toccoa/Stephens County Airport Authority",1
"253","Chauncey City","Sardis Development Authority",3
"254","Cherokee County","Resource Recovery Development Authority of Cherokee County",5
"255","Chester City","Screven County Hospital Authority",4
"256","Chester City","Development Authority of the City of Folkston and Charlton County",3
"257","Chickamauga City","Solid Waste Management Authority of Athens-Clarke County, Georgia",4
"258","Chickamauga City","Walker County Water and Sewerage Authority",4
"259","Chickamauga City","Walker County Development Authority",2
"260","Clarkesville City","Clarkesville Downtown Development Authority",1
"261","Claxton City","City of Claxton Downtown Development Authority",6
"262","Claxton City","Evans County Industrial Development Authority",6
"263","Clay County","Suwanee Downtown Development Authority",4
"264","Clayton City","Joint Development Authority of Winder-Barrow County",4
"265","Clayton City","Winder-Barrow Industrial Building Authority",4
"266","Clayton City","Glennville Development Authority",3
"267","Clayton County","Clayton County Solid Waste Management Authority",4
"268","Clermont City","Development Authority of Seminole County and Donalsonville",2
"269","Cleveland City","Downtown Development Authority Cleveland",4
"270","Cleveland City","White County Industrial Building Authority",4
"271","Cleveland City","The Hospital Authority of Habersham County",1
"272","Climax City","Coosawattee Regional Water and Sewerage Authority",4
"273","Climax City","Development Authority of LaFayette",3
"274","Clinch County","Clinch County Development Authority",4
"275","Clinch County","South Regional Joint Development Authority",4
"276","Cobb County","Cobb County Recreation Authority",3
"277","Cobb County","Cobb-Marietta Coliseum and Exhibit Hall Authority",3
"278","Cobb County","Cobb County Solid Waste Management Authority",2
"279","Cobb County","Downtown Marietta Development Authority",2
"280","Cobb County","Residential Care Facilities for the Elderly Authority of Cobb County",1
"281","Cobbtown City","The Hospital Authority of Peach County",3
"282","Cochran City","Bleckley-Cochran Development Authority",4
"283","Cochran City","Development Authority of Elbert County, Elberton and Bowman",4
"284","Cochran City","Bleckley-Cochran Industrial Development Authority",3
"285","Cochran City","Development Authority of Macon County",1
"286","Cochran City","Montezuma Downtown Development Authority",1
"287","Coffee County","Atkinson County-Coffee County Joint Development Authority",4
"288","Coffee County","Douglas-Coffee County Industrial Authority",4
"289","Cohutta City","Chattooga County Development Authority",4
"290","Cohutta City","Development Authority of Chattooga County",4
"291","College Park City","College Park Business and Industrial Development Authority",8
"292","College Park City","Development Authority of Peach County",4
"293","College Park City","Middle Georgia Regional Development Authority",3
"294","College Park City","Byron Redevelopment Authority",1
"295","Colquitt City","Housing Authority of the City of Madison, GA",4
"296","Colquitt City","Miller County Recreation Authority",4
"297","Colquitt City","Chattahoochee County Industrial Development Authority",1
"298","Colquitt City","The City of Colquitt Downtown Development Authority",1
"299","Colquitt County","Moultrie-Colquitt County Development Authority",1
"300","Columbia County","The Housing Authority of the City of Atlanta, Georgia",4
"301","Columbia County","Berrien County Development Authority",2
"302","Columbia County","Development Authority of Columbia County",2
"303","Columbus City","Coosawattee Regional Water and Sewerage Authority",2
"304","Columbus City","Resource Recovery Development Authority of Columbus, Ga",2
"305","Columbus City","Rockmart Development Authority",2
"306","Columbus City","Joint Development Authority of Winder-Barrow County",1
"307","Columbus City","Winder-Barrow Industrial Building Authority",1
"308","Columbus-Muscogee County","Coosawattee Regional Water and Sewerage Authority",2
"309","Columbus-Muscogee County","Resource Recovery Development Authority of Columbus, Ga",2
"310","Commerce City","City of Commerce Public Facilities Authority",13
"311","Commerce City","The Commerce Civic Center and Tourism Authority",4
"312","Commerce City","The Commerce Housing Authority",4
"313","Commerce City","City of Commerce Downtown Development Authority",3
"314","Concord City","Rabun County Hospital Authority",4
"315","Conyers City","Conyers Downtown Development Authority",4
"316","Conyers City","Development Authority of Conyers, Georgia",3
"317","Conyers City","Downtown Development Authority of Conyers",1
"318","Conyers City","Downtown Development Authority of the City of Douglasville",1
"319","Cook County","Adel Industrial Development Authority",4
"320","Cook County","Cook County Airport Authority",3
"321","Cook County","Nashville Downtown Development Authority",3
"322","Cook County","South Regional Joint Development Authority",1
"323","Coolidge City","The Development Authority of the City of Camilla",4
"324","Coolidge City","Fairburn Housing Authority",2
"325","Coolidge City","Valdosta-Lowndes County Land Bank Authority",2
"326","Cordele City","Downtown Development Authority of Cordele",4
"327","Cordele City","Cordele Office Building Authority",2
"328","Cordele City","Crisp County-Cordele Industrial Development Authority",2
"329","Cornelia City","City of Cornelia Water and Sewerage Authority",4
"330","Cornelia City","Development Authority of Jefferson, Georgia",4
"331","Cornelia City","The Carroll City_County Hospital Authority",3
"332","Cornelia City","The Hospital Authority of Habersham County",2
"333","Covington City","Newton County Industrial Development Authority",5
"334","Covington City","City of Covington Parking Authority",4
"335","Covington City","Housing Authority of the City of Adel, Georgia",4
"336","Covington City","City of Covington Downtown Development Authority",2
"337","Covington City","Covington Redevelopment Authority",2
"338","Covington City","Riverdale Development Authority",2
"339","Coweta County","Coweta County Solid Waste Authority",14
"340","Coweta County","Development Authority of Wheeler County",4
"341","Coweta County","Henry County Water Authority",3
"342","Coweta County","Middle Coastal Unified Development Authority",1
"343","Crawford City","Housing Authority of the City of Lithonia, Georgia",4
"344","Crawford County","Central Georgia Joint Development Authority",1
"345","Crawfordville City","Development Authority of Bartow County",4
"346","Crawfordville City","Joint Development Authority of Bartow County and Pickens County",4
"347","Crawfordville City","Bartow-Cartersville Joint Development Authority",2
"348","Crawfordville City","Bartow-Cartersville Second Joint Development Authority",2
"349","Crisp County","Solid Waste Management Authority of Crisp County",12
"350","Crisp County","Crisp County-Cordele Industrial Development Authority",2
"351","Culloden City","The Carroll City_County Hospital Authority",3
"352","Culloden City","Butts County, City of Flovilla, City of Jackson, and City of Jenkinsburg Water and Sewer Authority",2
"353","Cumming City","Henry County Development Authority",4
"354","Cumming City","Hospital Authority of the City of Newnan, Georgia",4
"355","Cumming City","Troup County Development  Authority",4
"356","Cumming City","Oak Grove Cemetery Authority",2
"357","Cumming City","Stephens County School Building Authority",2
"358","Cumming City","Troup County Public Facilities Authority",2
"359","Cusseta-Chattahoochee CG","Development Authority of Peach County",4
"360","Cusseta-Chattahoochee CG","Valley Partnership Joint Development Authority",4
"361","Cusseta-Chattahoochee CG","Middle Georgia Regional Development Authority",3
"362","Cusseta-Chattahoochee CG","Development Authority of Mitchell County",1
"363","Cusseta-Chattahoochee CG","Mitchell County Development Authority",1
"364","Cuthbert City","Lower Chattahoochee Regional Airport Authority",4
"365","Cuthbert City","The Development Authority of the City of Camilla",4
"366","Cuthbert City","Lower Chattahoochee Regional Transportation Authority",1
"367","Dahlonega City","Lumpkin County Water & Sewerage Authority",5
"368","Dallas City","Downtown Development Authority of the City of Dallas, Georgia",4
"369","Dallas City","Hospital Authority of Cobb County",4
"370","Dallas City","Paulding County Airport Authority",4
"371","Dallas City","Paulding County Industrial Building Authority",4
"372","Dallas City","Fairburn Housing Authority",2
"373","Dallas City","Valdosta-Lowndes County Land Bank Authority",2
"374","Dallas City","Catoosa Utility District Authority",1
"375","Dallas City","Development Authority of Powder Springs",1
"376","Dalton City","City of Dalton Building Authority",8
"377","Dalton City","Dalton-Whitfield Regional Solid Waste Management Authority",8
"378","Dalton City","Downtown Dalton Development Authority",4
"379","Dalton City","Northwest Georgia Trade & Convention Center Authority",1
"380","Damascus City","The Development Authority of the City of Camilla",4
"381","Danielsville City","Downtown Development Authority of the City of Danielsville",6
"382","Darien City","Development Authority of Bowdon, Georgia",1
"383","Darien City","Development Authority of the City of Bowdon",1
"384","Dasher City","Development Authority of LaGrange",1
"385","Dasher City","Troup Family Connection Authority",1
"386","Dawson City","City of Dawson Development Authority",6
"387","Dawson City","Development Authority of Gilmer County",4
"388","Dawson City","The Development Authority of the City of Camilla",4
"389","Dawson City","Joint Development Authority of Gilmer County and Pickens County",3
"390","Dawson City","Development Authority of Monroe County",2
"391","Dawsonville City","Downtown Development Authority of Dawsonville, Georgia",4
"392","Decatur City","Urban Redevelopment Agency of the City of Decatur",9
"393","Decatur City","DeKalb Regional Land Bank Authority",2
"394","Deepstep City","The Carroll City_County Hospital Authority",3
"395","DeKalb County","Urban Redevelopment Agency of DeKalb County, Georgia",20
"396","DeKalb County","DeKalb County Building Authority",7
"397","DeKalb County","City of Covington Parking Authority",4
"398","DeKalb County","Housing Authority of the City of Jasper",4
"399","DeKalb County","Griffin-Spalding County Airport Authority",3
"400","Demorest City","Downtown Development Authority of Demorest, GA",9
"401","Demorest City","Franklin County Industrial Building Authority",4
"402","Demorest City","Franklin County Water & Sewerage Authority",3
"403","Dexter City","Housing Authority of the City of Wrightsville",3
"404","Dodge County","Dodge County/Eastman Development Authority",3
"405","Dodge County","Ocmulgee Regional Joint Development Authority",3
"406","Dodge County","Heart of Georgia Regional Airport Authority",2
"407","Doerun City","The Development Authority of the City of Camilla",4
"408","Donalsonville City","Downtown Development Authority of Donalsonville",3
"409","Dooling City","Downtown Dalton Development Authority",4
"410","Dooly County","Development Authority of the City of Vienna",4
"411","Dooly County","Downtown Development Authority of the City of Vienna",4
"412","Doraville City","Development Authority of Union County",4
"413","Dougherty County","Hospital Authority of Albany-Dougherty County, Georgia",3
"414","Douglas City","Douglas-Coffee County Industrial Authority",4
"415","Douglas City","Joint Grady County Development Authority",1
"416","Douglas County","Douglasville-Douglas County Water and Sewer Authority",4
"417","Douglasville City","Douglasville-Douglas County Water and Sewer Authority",4
"418","Douglasville City","Development Authority of the City of Douglasville, Georgia",3
"419","Douglasville City","Downtown Development Authority of the City of Douglasville",3
"420","Douglasville City","Heard County Public Facilities Authority",2
"421","Douglasville City","Development Authority of Heard County",1
"422","Dublin City","Laurens County Solid Waste Management Authority",8
"423","Dublin City","Development Authority of Macon County",1
"424","Duluth City","City of Sylvania Downtown Development Authority",4
"425","Dunwoody City","Urban Redevelopment Agency of the City of Dunwoody",3
"426","Dunwoody City","Downtown Development Authority for the City of Warner Robins",2
"427","Dunwoody City","Gwinnett County Water and Sewerage Authority",2
"428","Dunwoody City","Warner Robins Public Facilities Authority",2
"429","Dunwoody City","Development Authority of Tift County",1
"430","Dunwoody City","Tift County Development Authority",1
"431","Dunwoody City","Tifton-Tift County Airport Authority",1
"432","Dupont City","Tri-County Joint E-911 Development Authority",7
"433","Early County","South Georgia Regional Information Technology Authority",1
"434","East Dublin City","Laurens County Solid Waste Management Authority",4
"435","East Dublin City","Liberty County Industrial Authority",4
"436","East Dublin City","Sumter County Livestock Authority",3
"437","East Ellijay City","Catoosa County Development Authority",4
"438","East Ellijay City","Development Authority of Catoosa County",4
"439","East Ellijay City","Downtown Development Authority of Pitts, Georgia",4
"440","East Ellijay City","Ellijay-Gilmer County Water and Sewerage Authority",4
"441","East Ellijay City","Coosawattee Regional Water and Sewerage Authority",3
"442","East Ellijay City","Housing Authority of the City of Clayton, Georgia",3
"443","East Ellijay City","Hospital Authority of the City of Smyrna, Georgia",1
"444","Eastman City","Dodge County/Eastman Development Authority",6
"445","Eastman City","Lanier Joint Development Authority",4
"446","Eastman City","Heart of Georgia Regional Airport Authority",1
"447","Eatonton City","Eatonton Downtown Development Authority",8
"448","Eatonton City","Eatonton-Putnam Water and Sewer Authority",4
"449","Eatonton City","Lake Oconee Area Development Authority",3
"450","Eatonton City","Development Authority of Putnam County",1
"451","Echols County","Development Authority of the City of Newnan",3
"452","Edgehill City","Glascock County Industrial Development Authority",4
"453","Elbert County","Joint Development Authority of Northeast Georgia",4
"454","Elberton City","Elberton Downtown Development Authority d/b/a MainStreet Elberton",2
"455","Elberton City","Housing Authority of the City of Sandersville",2
"456","Elberton City","Screven County Hospital Authority",2
"457","Elberton City","Gwinnett County Recreation Authority",1
"458","Ellenton City","Downtown Development Authority of Hartwell, Georgia",4
"459","Ellijay City","Downtown Development Authority of the City of Ellijay",3
"460","Emanuel County","St. Marys Airport Authority",2
"461","Emanuel County","Housing Authority of the City of Sandersville",1
"462","Enigma City","Downtown Development Authority of the City of Cochran",3
"463","Enigma City","Housing Authority of the City of Marietta",2
"464","Ephesus City","Greater West Georgia Joint Development Authority",4
"465","Ephesus City","Development Authority of Heard County",3
"466","Ephesus City","Heard County Public Facilities Authority",3
"467","Euharlee City","The Baxley and Appling County Hospital Authority",1
"468","Evans County","Evans County Industrial Development Authority",4
"469","Evans County","City of Claxton Downtown Development Authority",3
"470","Evans County","Middle Coastal Unified Development Authority",1
"471","Fairburn City","South Fulton Municipal Regional Water and Sewer Authority",2
"472","Fannin County","Downtown Development Authority of Hartwell, Georgia",3
"473","Fargo City","Housing Authority of the City of Byron",2
"474","Fargo City","Fannin County Industrial Development Authority",1
"475","Fayette County","Pike County Water and Sewerage Authority",4
"476","Fayette County","Fayette County Public Facilities Authority",2
"477","Fayetteville City","Fayette County Development Authority",4
"478","Fayetteville City","City of Fayetteville Downtown Development Authority",2
"479","Fitzgerald City","Ben Hill-Irwin Area Joint Development Authority",9
"480","Fitzgerald City","Fitzgerald-Ben Hill County Regional Solid Waste Authority",8
"481","Fitzgerald City","Fitzgerald/Ben Hill County Development Authority",7
"482","Fitzgerald City","Downtown Development Authority of Fitzgerald",4
"483","Fitzgerald City","Housing Authority of the City of Buford, Georgia",4
"484","Fitzgerald City","Hospital Authority of Ben Hill County",1
"485","Fitzgerald City","Perkins Water Authority",1
"486","Flovilla City","Butts County, City of Flovilla, City of Jackson, and City of Jenkinsburg Water and Sewer Authority",4
"487","Flowery Branch City","The Hospital Authority of Hall County and the City of Gainesville",1
"488","Floyd County","Rome-Floyd County Development Authority",3
"489","Folkston City","Hospital Authority of Charlton County",4
"490","Folkston City","Charlton-Folkston-Homeland Airport Authority",3
"491","Folkston City","Development Authority of the City of Folkston and Charlton County",3
"492","Folkston City","Smyrna Downtown Area Development Corporation",3
"493","Forest Park City","Development Authority of the City of Forest Park, Georgia",6
"494","Forsyth City","Downtown Development Authority of Moultrie",4
"495","Forsyth City","City of Covington Downtown Development Authority",2
"496","Forsyth County","Forsyth County Water and Sewerage Authority",9
"497","Forsyth County","Development Authority of Forsyth County",2
"498","Forsyth County","Lanier Joint Development Authority",2
"499","Fort Gaines City","Downtown Development Authority of Fort Gaines, Georgia",4
"500","Fort Gaines City","Southwest Georgia Technology Authority",4
"501","Fort Gaines City","The Development Authority of the City of Camilla",4
"502","Fort Oglethorpe City","Troup County Development  Authority",4
"503","Fort Oglethorpe City","Downtown Development Authority of the City of Fort Oglethorpe, Georgia",2
"504","Fort Oglethorpe City","Troup County Public Facilities Authority",2
"505","Fort Oglethorpe City","Catoosa County Development Authority",1
"506","Fort Oglethorpe City","Development Authority of Catoosa County",1
"507","Fort Valley City","Cobb County Kennestone Hospital Authority",4
"508","Fort Valley City","Downtown Development Authority of Sylvester",4
"509","Fort Valley City","Residential Care Facilities for the Elderly Authority of Lowndes County, Georgia",4
"510","Fort Valley City","Abbeville Housing Authority",3
"511","Fort Valley City","Development Authority of Heard County",3
"512","Fort Valley City","Fort Valley Downtown Development Authority",3
"513","Fort Valley City","The Hospital Authority of Peach County",3
"514","Fort Valley City","Heard County Public Facilities Authority",1
"515","Franklin City","Greater West Georgia Joint Development Authority",4
"516","Franklin City","Development Authority of Heard County",3
"517","Franklin City","Heard County Public Facilities Authority",3
"518","Franklin City","Heard County Water Authority",2
"519","Franklin Springs City","Franklin County Industrial Building Authority",4
"520","Franklin Springs City","Franklin County Water & Sewerage Authority",3
"521","Franklin Springs City","Stephens County Development Authority",1
"522","Fulton County","Fulton County Urban Redevelopment Agency",16
"523","Fulton County","Building Authority of Fulton County",8
"524","Fulton County","McPherson Local Implementing Redevelopment Authority",4
"525","Fulton County","The Atlanta Development Authority d/b/a Invest Atlanta",4
"526","Fulton County","City of Atlanta Fulton County Recreation Authority",3
"527","Gainesville City","Chicopee Woods Area Park Commission",2
"528","Gainesville City","Downtown Development Authority of the City of LaFayette",1
"529","Garden City City","Kennesaw Downtown Development Authority",4
"530","Garden City City","Lower Chattahoochee Regional E-911 Authority",3
"531","Garfield City","Development Authority of Emanuel County and the City of Swainsboro",4
"532","Garfield City","Emanuel County Development Authority",4
"533","Geneva City","Downtown Development Authority of the City of Fort Oglethorpe, Georgia",1
"534","Georgetown City","Southwest Georgia Regional Development Authority",8
"535","Georgetown City","Southwest Georgia Technology Authority",8
"536","Georgetown City","Lower Chattahoochee Regional E-911 Authority",7
"537","Georgetown City","Quitman County Development Authority",6
"538","Georgetown City","Lower Chattahoochee Regional Airport Authority",3
"539","Georgetown City","Lower Chattahoochee Regional Transportation Authority",2
"540","Georgetown City","Quitman County Water and Sewerage Authority",1
"541","Glascock County","Glascock County Industrial Development Authority",7
"542","Glascock County","Central Savannah River Area Unified Development Authority",2
"543","Glennville City","Glennville Downtown Development Authority",6
"544","Glennville City","Glennville Development Authority",2
"545","Glennville City","Reidsville Airport Authority",2
"546","Glennville City","Hospital Authority of Tattnall County, Georgia",1
"547","Glynn County","Kingsland Area Convention and Visitors Bureau Authority",4
"548","Glynn County","Brunswick-Glynn County Joint Water and Sewer Commission",1
"549","Grantville City","City of Grantville Downtown Development Authority",2
"550","Gray City","Downtown Development Authority of Gray",4
"551","Grayson City","City of Sylvania Downtown Development Authority",4
"552","Greensboro City","Downtown Development Authority of the City of Greensboro",4
"553","Greensboro City","Greene County Airport Authority",3
"554","Greensboro City","Lake Oconee Area Development Authority",3
"555","Greensboro City","Downtown Development Authority of Hampton",2
"556","Greenville City","Oglethorpe Downtown Development Authority",3
"557","Griffin City","Griffin-Spalding County Airport Authority",6
"558","Griffin City","Griffin-Spalding County Development Authority",4
"559","Griffin City","Spalding County Collaborative for Families & Children, Inc.",3
"560","Griffin City","Sparta-Hancock Public Facilities Authority",3
"561","Griffin City","The Downtown Development Authority of the City of Griffin, Georgia",3
"562","Griffin City","Eatonton Downtown Development Authority",2
"563","Grovetown City","Development Authority of Columbia County",1
"564","Grovetown City","Union City Housing Authority",1
"565","Gwinnett County","Georgia's Innovation  Corridor Joint Development Authority",3
"566","Gwinnett County","Downtown Development Authority of Lawrenceville, GA",1
"567","Gwinnett County","Gwinnett County Recreation Authority",1
"568","Habersham County","Downtown Development Authority of Cornelia",3
"569","Habersham County","Clarke County Airport Authority",2
"570","Hahira City","Coweta County Development Authority",4
"571","Hahira City","Development Authority of Coweta County",4
"572","Hahira City","Residential Care Facilities for the Elderly Authority of Fulton County",4
"573","Hall County","Lanier Joint Development Authority",7
"574","Hall County","Hospital Authority of Marion County",3
"575","Hall County","The Hospital Authority of Hall County and the City of Gainesville",3
"576","Hall County","Braselton Downtown Development Authority",2
"577","Hall County","Chicopee Woods Area Park Commission",2
"578","Hampton City","City of Barnesville and County of Lamar Development Authority",1
"579","Hampton City","Downtown Development Authority of Hampton",1
"580","Hancock County","Sparta-Hancock Public Facilities Authority",4
"581","Hapeville City","Development Authority of Johnson County, Georgia",4
"582","Hapeville City","Hapeville Development Authority",4
"583","Haralson County","Camden County Public Service Authority",4
"584","Haralson County","Hapeville Development Authority",4
"585","Haralson County","Haralson County Solid Waste Management Authority",4
"586","Haralson County","Haralson County Water Authority",4
"587","Haralson County","Bremen Housing Authority",3
"588","Haralson County","Development Authority of Haralson County",3
"589","Haralson County","West Georgia Regional Water Authority",3
"590","Harlem City","Development Authority of Columbia County",2
"591","Harris County","Valley Partnership Joint Development Authority",5
"592","Harris County","Gordon County - Floyd County Development Authority",4
"593","Harris County","Harris County Public Improvements Authority",4
"594","Harrison City","Development Authority of Tift County",4
"595","Harrison City","Tift County Development Authority",4
"596","Harrison City","Tifton-Tift County Airport Authority",4
"597","Harrison City","Tift-Turner-Worth-Cook Joint Development Authority",2
"598","Hart County","Hart County Industrial Building Authority",2
"599","Hartwell City","Hart County Water and Sewer Utility Authority",4
"600","Hartwell City","Hart County Industrial Building Authority",3
"601","Hawkinsville City","Hawkinsville Development Authority",6
"602","Hawkinsville City","Pulaski County-Hawkinsville Development Authority",4
"603","Hawkinsville City","Middle Georgia Regional Development Authority",3
"604","Hawkinsville City","Downtown Development Authority of Douglas",1
"605","Hazlehurst City","Troup Family Connection Authority",2
"606","Heard County","Development Authority of Wilkinson County",3
"607","Helena City","Downtown Development Authority of the City of Rossville",4
"608","Helena City","City of Stockbridge, Downtown Development Authority",2
"609","Helena City","Development Authority of the City of Forest Park, Georgia",2
"610","Helena City","Henry County Governmental Services Authority",2
"611","Helena City","Telfair-Wheeler Joint E-911 Authority",1
"612","Helena City","Urban Redevelopment Agency of the City of Stockbridge",1
"613","Helena City","Valdosta-Lowndes County Parks & Recreation Authority",1
"614","Henry County","Henry County Governmental Services Authority",10
"615","Henry County","Development Authority of the City of Forest Park, Georgia",2
"616","Hilltonia City","Marshallville Downtown Development Authority",1
"617","Hiltonia City","Marshallville Downtown Development Authority",1
"618","Hinesville City","Downtown Development Authority of Hinesville, Georgia",4
"619","Hinesville City","Hospital Authority of Liberty County",3
"620","Hinesville City","Liberty County Public Facilities Authority",3
"621","Hinesville City","Liberty County Solid Waste Authority",3
"622","Hinesville City","City of Hinesville Development Authority",2
"623","Hinesville City","Housing Authority of the City of Dublin, Georgia",1
"624","Hinesville City","Pelham Housing Authority",1
"625","Hiram City","Paulding County Airport Authority",3
"626","Hiram City","Paulding County Industrial Building Authority",3
"627","Hoboken City","Crisp-Dooly Joint Development Authority",4
"628","Hoboken City","Dooly County Industrial Development Authority",4
"629","Hoboken City","Housing Authority of Screven County",4
"630","Hoboken City","Heard County Water Authority",3
"631","Hoboken City","Upper Oconee Basin Water Authority",3
"632","Hoboken City","Central Savannah River Area Unified Development Authority",2
"633","Hoboken City","Emanuel County Hospital Authority",1
"634","Holly Springs City","Development Authority of Cherokee County",4
"635","Holly Springs City","Cherokee County Development Authority",2
"636","Holly Springs City","Downtown Development Authority of Holly Springs",2
"637","Homeland City","Charlton-Folkston-Homeland Airport Authority",6
"638","Homeland City","Development Authority of the City of Homeland",3
"639","Homer City","Banks County Industrial Building Authority",3
"640","Homer City","Downtown Development Authority of Homer",1
"641","Homerville City","City of Homerville Water and Sewer Authority",8
"642","Homerville City","Tri-County Joint E-911 Development Authority",3
"643","Homerville City","Development Authority of Appling County",1
"644","Houston County","City of Perry Industrial Building Authority",3
"645","Houston County","Central Georgia Joint Development Authority",2
"646","Houston County","Hospital Authority of Houston County",2
"647","Ideal City","Ideal Downtown Development Authority",6
"648","Ideal City","Development Authority of Macon County",3
"649","Irwin County","Hospital Authority of Irwin County",9
"650","Irwin County","Ocilla-Irwin County Industrial Development Authority",8
"651","Irwin County","Ben Hill-Irwin Area Joint Development Authority",4
"652","Irwinton City","Downtown Development Authority of Augusta-Richmond County",2
"653","Jackson City","Butts County, City of Flovilla, City of Jackson, and City of Jenkinsburg Water and Sewer Authority",4
"654","Jackson City","Butts County Hospital Authority",4
"655","Jackson County","The Commerce Civic Center and Tourism Authority",3
"656","Jackson County","Joint Development Authority of Northeast Georgia",2
"657","Jackson County","Northeast Georgia Regional Solid Waste Management Authority",1
"658","Jackson County","Upper Oconee Basin Water Authority",1
"659","Jasper City","City of Jasper Industrial Authority",3
"660","Jasper City","Development Authority of the City of Jasper",3
"661","Jasper City","Housing Authority of the City of Metter",3
"662","Jasper County","Jasper County Water and Sewer Authority",6
"663","Jasper County","Joint Development Authority of Jasper County, Morgan County, Newton County, and Walton County",2
"664","Jefferson City","Downtown Development Authority of Jefferson",3
"665","Jeffersonville City","Downtown Development Authority of the City of Jeffersonville",4
"666","Jeffersonville City","Joint Development Authority of Jeff Davis County, Hazlehurst and Denton, Georgia",3
"667","Jenkinsburg City","Butts County, City of Flovilla, City of Jackson, and City of Jenkinsburg Water and Sewer Authority",3
"668","Jenkins County","Chattooga County Development Authority",4
"669","Jenkins County","Development Authority of Chattooga County",4
"670","Jesup City","Wayne County Solid Waste Management Authority",2
"671","Johns Creek City","Joint Public Safety and Judicial Facilities Authority for the Cities of Sandy Springs, Georgia and J",4
"672","Johns Creek City","Bleckley-Cochran Industrial Development Authority",1
"673","Johns Creek City","City of Villa Rica Public Facilities Authority",1
"674","Jones County","Central Georgia Joint Development Authority",1
"675","Junction City City","Adairsville Development Authority",4
"676","Junction City City","Downtown Development Authority of the City of Douglasville",1
"677","Kennesaw City","Cobb County Kennestone Hospital Authority",4
"678","Kingsland City","Camden County Public Service Authority",4
"679","Kingsland City","Kingsland Downtown Development Authority",4
"680","Kingsland City","Bremen Housing Authority",3
"681","Kingsland City","Development Authority of Haralson County",3
"682","Kite City","Development Authority of Bainbridge and Decatur County",4
"683","Kite City","Hospital Authority of Clarke County Georgia",4
"684","Lafayette City","Fayette County Development Authority",4
"685","Lafayette City","Peachtree City Airport Authority",4
"686","Lafayette City","Troup County Development  Authority",4
"687","Lafayette City","Walker County Development Authority",3
"688","Lafayette City","Troup County Public Facilities Authority",2
"689","Lafayette City","Downtown Development Authority of the City of LaFayette",1
"690","Lagrange City","Solid Waste Management Authority of the City of LaGrange, Georgia",31
"691","Lagrange City","City of LaGrange Gas Authority",12
"692","Lagrange City","Coweta County Development Authority",4
"693","Lagrange City","Development Authority of Coweta County",4
"694","Lagrange City","Downtown Development Authority of the City of LaGrange",4
"695","Lagrange City","Downtown LaGrange Development Authority",4
"696","Lagrange City","LaGrange Development Authority",4
"697","Lagrange City","Development Authority of Baker County",3
"698","Lagrange City","Riverdale Development Authority",2
"699","Lagrange City","Development Authority of LaGrange",1
"700","Lagrange City","LaGrange-Troup County Hospital Authority",1
"701","Lakeland City","Deep South Regional Municipal Solid Waste Management Authority",4
"702","Lakeland City","Housing Authority of the City of Lakeland, Georgia",4
"703","Lakeland City","Berrien County Airport Authority",1
"704","Lamar County","Lamar County Regional Solid Waste Authority",4
"705","Lamar County","Barnesville-Lamar County Industrial Development Authority",3
"706","Lamar County","City of Barnesville and County of Lamar Development Authority",3
"707","Lanier County","Tri-County Joint E-911 Development Authority",8
"708","Lanier County","Development Authority of Lanier County",3
"709","Laurens County","Laurens County Solid Waste Management Authority",9
"710","Laurens County","Laurens County Public Facilities Authority",4
"711","Laurens County","Housing Authority of the City of Sandersville",2
"712","Laurens County","Screven County Hospital Authority",2
"713","Laurens County","Main Street Dublin-The Downtown Development Authority of Dublin",1
"714","Lavonia City","Franklin County Water & Sewerage Authority",6
"715","Lavonia City","Franklin County Industrial Building Authority",4
"716","Lavonia City","Joint Development Authority of Franklin, Hart and Stephens Counties",4
"717","Lawrenceville City","City of Sylvania Downtown Development Authority",4
"718","Lawrenceville City","Residential Care Facilities For The Elderly Authority of Columbia County",4
"719","Lawrenceville City","South Georgia Regional Information Technology Authority",1
"720","Leesburg City","Housing Authority of the City of Hahira, Georgia",4
"721","Leesburg City","Middle Coastal Unified Development Authority",3
"722","Lexington City","Lexington Downtown Development Authority",4
"723","Liberty County","Liberty County Solid Waste Authority",9
"724","Liberty County","Atlanta Urban Redevelopment Agency",4
"725","Liberty County","City of Hinesville Development Authority",4
"726","Liberty County","Downtown Development Authority of Hinesville, Georgia",4
"727","Liberty County","Downtown Development Authority of the City of Atlanta",4
"728","Liberty County","The Atlanta Development Authority d/b/a Invest Atlanta",4
"729","Liberty County","Urban Residential Finance Authority of the City of Atlanta, Georgia",4
"730","Liberty County","Liberty County Industrial Authority",2
"731","Lilburn City","Lilburn Downtown Development Authority",5
"732","Lilburn City","Hospital Authority of Gwinnett County, Georgia",4
"733","Lilly City","Dooly County Industrial Development Authority",4
"734","Lincoln County","The Hospital Authority of Peach County",3
"735","Lithonia City","Lithonia Downtown Development Authority",4
"736","Lithonia City","Housing Authority of the City of Lakeland, Georgia",1
"737","Locust Grove City","Housing Authority of the City of Shellman",4
"738","Locust Grove City","Downtown Development Authority of the City of Locust Grove",3
"739","Loganville City","Downtown Development Authority of the City of Loganville",4
"740","Loganville City","Development Authority of Walton County",3
"741","Loganville City","Loganville Development Authority",3
"742","Long County","Middle Coastal Unified Development Authority",1
"743","Louisville City","Development Authority of Butts County",3
"744","Louisville City","Downtown Development Authority of the City of Louisville",2
"745","Louisville City","Industrial Development Authority of Butts County",2
"746","Lovejoy City","Downtown Development Authority of Hampton",4
"747","Lovejoy City","Pike County Water and Sewerage Authority",4
"748","Lovejoy City","Clayton County Airport Authority",2
"749","Lovejoy City","Clayton County Solid Waste Management Authority",1
"750","Lovejoy City","Lovejoy Development Authority",1
"751","Lowndes County","Valdosta Housing Authority",4
"752","Lowndes County","Valdosta-Lowndes County Land Bank Authority",3
"753","Ludowici City","The Development Authority of Long County",2
"754","Lumber City City","Downtown Development Authority of Demorest, GA",4
"755","Lumber City City","Joint Development Authority of Hazlehurst, Lumber City and Telfair County",4
"756","Lumber City City","Troup Family Connection Authority",2
"757","Lumber City City","Bacon County Development Authority",1
"758","Lumpkin County","Lumpkin County Water & Sewerage Authority",4
"759","Lumpkin County","Development Authority of Lumpkin County, Georgia",2
"760","Lumpkin County","Lumpkin County Public Building Authority",1
"761","Lumpkin County","North Georgia Solid Waste Management Authority",1
"762","Lyerly City","Northeast Georgia Housing Authority",3
"763","Lyons City","Toombs County Hospital Authority",6
"764","Lyons City","Lyons Downtown Development Authority",2
"765","Lyons City","Morgan County Hospital Authority",2
"766","Macon-Bibb CG","Cobb County Kennestone Hospital Authority",4
"767","Macon-Bibb CG","Downtown Development Authority of Hinesville, Georgia",4
"768","Macon-Bibb CG","Downtown Development Authority of Sylvester",4
"769","Macon-Bibb CG","Development Authority of Heard County",3
"770","Macon-Bibb CG","Hospital Authority of Liberty County",3
"771","Macon-Bibb CG","Liberty County Public Facilities Authority",3
"772","Macon-Bibb CG","City of Hinesville Development Authority",2
"773","Macon-Bibb CG","Heard County Public Facilities Authority",1
"774","Macon-Bibb CG","Housing Authority of the City of Dublin, Georgia",1
"775","Macon-Bibb CG","Macon Water Authority",1
"776","Macon-Bibb CG","Pelham Housing Authority",1
"777","Macon City","Cobb County Kennestone Hospital Authority",4
"778","Macon City","Downtown Development Authority of Hinesville, Georgia",4
"779","Macon City","Downtown Development Authority of Sylvester",4
"780","Macon City","Development Authority of Heard County",3
"781","Macon City","Hospital Authority of Liberty County",3
"782","Macon City","Liberty County Public Facilities Authority",3
"783","Macon City","City of Hinesville Development Authority",2
"784","Macon City","Housing Authority of the City of Byron",2
"785","Macon City","Heard County Public Facilities Authority",1
"786","Macon City","Housing Authority of the City of Dublin, Georgia",1
"787","Macon City","Macon Water Authority",1
"788","Macon City","Pelham Housing Authority",1
"789","Macon County","Middle Georgia Regional Solid Waste Management Authority",4
"790","Macon County","Schley-Sumter-Macon Counties Joint Development Authority",4
"791","Macon County","Middle Flint Regional E-911 Authority",3
"792","Madison City","Downtown Development Authority of Madison",3
"793","Madison City","Development Authority of the City of Senoia, Georgia",1
"794","Madison County","Joint Development Authority of Northeast Georgia",4
"795","Madison County","Madison County Industrial Development and Building Authority",4
"796","Manassas City","Tattnall County Industrial Development Authority",2
"797","Manchester City","Manchester Public Utilities Authority",15
"798","Manchester City","The Development Authority of the City of Manchester",4
"799","Manchester City","The Downtown Development Authority of the City of Manchester, Georgia",3
"800","Marietta City","Cobb County-Marietta Water Authority",4
"801","Marietta City","Cobb-Marietta Coliseum and Exhibit Hall Authority",3
"802","Marion County","Valley Partnership Joint Development Authority",4
"803","Marion County","Marion County Development Authority",3
"804","Marshallville City","Marshallville Downtown Development Authority",5
"805","Marshallville City","Cobb County Kennestone Hospital Authority",4
"806","Marshallville City","Development Authority of Macon County",4
"807","Marshallville City","Downtown Development Authority of Sylvester",4
"808","Marshallville City","Development Authority of Heard County",3
"809","Marshallville City","Oglethorpe Downtown Development Authority",2
"810","Marshallville City","Heard County Public Facilities Authority",1
"811","Maxeys City","Oglethorpe Development Authority",2
"812","Maysville City","Development Authority of Banks County",1
"813","Maysville City","Downtown Development Authority of Maysville",1
"814","Mccaysville City","Fannin County Industrial Development Authority",4
"815","Mcdonough City","Toombs County Development Authority",3
"816","McDuffie County","Development Authority of McDuffie County",3
"817","McDuffie County","Development Authority of McDuffie County and the City of Thomson",3
"818","Mcintyre City","Wrightsville Development Authority, Inc.",2
"819","Mcrae City","Development Authority of Telfair County",4
"820","Mcrae City","Development Authority of the City of Forest Park, Georgia",2
"821","Mcrae City","Henry County Governmental Services Authority",2
"822","Mcrae City","Telfair-Wheeler Joint E-911 Authority",1
"823","Meigs City","The Development Authority of the City of Camilla",4
"824","Metter City","Downtown Development Authority of Metter",9
"825","Metter City","Metter-Candler County Airport Authority",4
"826","Midville City","Waynesboro Downtown Development Authority",2
"827","Millen City","Downtown Development Authority of Millen, Georgia",2
"828","Miller County","Miller County Recreation Authority",4
"829","Miller County","South Georgia Regional Information Technology Authority",1
"830","Milner City","Downtown Development Authority of the City of Milner",7
"831","Milner City","Griffin-Spalding County Land Bank Authority",4
"832","Milner City","The Northwest Georgia Joint Development Authority",3
"833","Milner City","Housing Authority of the City of Thomson, Georgia",2
"834","Milner City","City of Barnesville and County of Lamar Development Authority",1
"835","Milton City","City of Milton Public Building and Facilities Authority",11
"836","Milton City","North Fulton Regional Radio System Authority",1
"837","Mitchell City","Development Authority of the City of Folkston and Charlton County",1
"838","Mitchell County","Lower Chattahoochee Regional Airport Authority",4
"839","Mitchell County","South Georgia Regional Information Technology Authority",4
"840","Mitchell County","Join Development Authority of Mitchell County and Pelham",1
"841","Molena City","Pike County Arts Facility Authority",2
"842","Monroe City","City of Monroe Convention and Visitors Bureau",4
"843","Monroe City","Development Authority of Walton County",4
"844","Monroe City","Downtown Development Authority of the City of Monroe",4
"845","Monroe City","Walton Industrial Building Authority",4
"846","Monroe City","Northeast Georgia Regional Solid Waste Management Authority",3
"847","Monroe County","Monroe County Public Facilities Authority",10
"848","Monroe County","Development Authority of Monroe County",4
"849","Monroe County","Monroe County Industrial Development Authority",4
"850","Montezuma City","Oconee County Industrial Development Authority",3
"851","Montezuma City","Montezuma Downtown Development Authority",2
"852","Montezuma City","Oglethorpe Downtown Development Authority",2
"853","Monticello City","Downtown Development Authority of Monticello, Georgia",2
"854","Montrose City","Joint Development Authority of Meriwether County and the City of Hogansville",4
"855","Moreland City","Lanier Joint Development Authority",4
"856","Morgan County","Morgan County Building Authority",14
"857","Morgan County","Northeast Georgia Regional Solid Waste Management Authority",3
"858","Morgan County","Joint Development Authority of Jasper County, Morgan County, Newton County, and Walton County",2
"859","Morganton City","North Georgia Solid Waste Management Authority",4
"860","Morganton City","Joint Development Authority of Fannin County, Towns County and Union County",3
"861","Morrow City","Downtown Development Authority of the City of Morrow, Georgia",3
"862","Morrow City","Urban Redevelopment Agency of the City of Morrow, Georgia",3
"863","Moultrie City","City of Moultrie-Colquitt County Airport Authority",4
"864","Moultrie City","Development Authority of Douglas County",4
"865","Moultrie City","Downtown Development Authority of Moultrie",4
"866","Moultrie City","Moultrie-Colquitt County Development Authority",4
"867","Moultrie City","South Georgia Governmental Services Authority",2
"868","Mount Airy City","Downtown Development Authority of the City of Thomson",4
"869","Mount Vernon City","Montgomery County Development Authority",6
"870","Nashville City","Nashville Downtown Development Authority",9
"871","Nashville City","Cartersville Building Authority",4
"872","Nashville City","Deep South Regional Municipal Solid Waste Management Authority",4
"873","Nashville City","Richmond Hill Convention and Visitors Bureau",2
"874","Newnan City","Downtown Development Authority of the City of Newnan, Georgia",8
"875","Newnan City","Development Authority of the City of Newnan",1
"876","Newton City","Housing Authority of the City of Loganville, GA",3
"877","Newton City","Mitchell County Hospital Authority",3
"878","Newton County","Newton County Solid Waste Authority",13
"879","Newton County","Newton County Water and Sewerage Authority",3
"880","Newton County","Joint Development Authority of Jasper County, Morgan County, Newton County, and Walton County",2
"881","Newton County","Newton County Industrial Development Authority",2
"882","Nicholls City","Residential Care Facilities for the Elderly Authority of Lowndes County, Georgia",4
"883","Nicholls City","Sparta-Hancock Public Facilities Authority",3
"884","Nicholson City","The Commerce Civic Center and Tourism Authority",3
"885","Nicholson City","Downtown Development Authority of Madison",2
"886","Norcross City","Downtown Dalton Development Authority",4
"887","Norcross City","Downtown Development Authority of the City of Norcross",2
"888","Norcross City","Norcross Development Authority",1
"889","Norcross City","Rockdale County Water and Sewerage Authority",1
"890","Norman Park City","Development Authority of the City of Ashburn",4
"891","Norman Park City","The Development Authority of the City of Camilla",4
"892","North High Shoals City","Downtown Development Authority of the City of Stone Mountain",3
"893","Oak Park City","Development Authority of Emanuel County and the City of Swainsboro",4
"894","Oak Park City","Emanuel County Development Authority",4
"895","Oak Park City","Housing Authority of the City of Lithonia, Georgia",4
"896","Oakwood City","Development Authority of the City of Oakwood",4
"897","Oakwood City","Development Authority of Banks County",2
"898","Oakwood City","Elberton Downtown Development Authority d/b/a MainStreet Elberton",1
"899","Oakwood City","Jenkins County Hospital Authority",1
"900","Ochlocknee City","The Development Authority of the City of Camilla",4
"901","Ocilla City","Ocilla-Irwin County Industrial Development Authority",8
"902","Ocilla City","Hospital Authority of Irwin County",6
"903","Ocilla City","Ben Hill-Irwin Area Joint Development Authority",4
"904","Odum City","Wayne County Solid Waste Management Authority",8
"905","Oglethorpe City","Oglethorpe Downtown Development Authority",5
"906","Oglethorpe City","Development Authority of Macon County",4
"907","Oglethorpe County","Northeast Georgia Regional Solid Waste Management Authority",6
"908","Oglethorpe County","Joint Development Authority of Northeast Georgia",4
"909","Oglethorpe County","Development Authority of Oglethorpe County",1
"910","Orchard Hill City","Development Authority of Cobb County",4
"911","Orchard Hill City","Griffin-Spalding County Land Bank Authority",4
"912","Orchard Hill City","Spalding County Water and Sewerage Facilities Authority",3
"913","Oxford City","Newton County Water and Sewerage Authority",4
"914","Oxford City","Development Authority of Wilkinson County",3
"915","Palmetto City","South Fulton Municipal Regional Water and Sewer Authority",6
"916","Palmetto City","South Fulton Municipal Regional Jail Authority",5
"917","Parrott City","The Development Authority of the City of Camilla",4
"918","Paulding County","Cobb County-Marietta Water Authority",4
"919","Paulding County","Paulding County Airport Authority",4
"920","Paulding County","Paulding County Hospital Authority",4
"921","Paulding County","Paulding County Industrial Building Authority",4
"922","Paulding County","West Georgia Regional Water Authority",3
"923","Paulding County","Greater West Georgia Joint Development Authority",2
"924","Paulding County","Toccoa/Stephens County Airport Authority",2
"925","Paulding County","Stephens County Development Authority",1
"926","Payne City City","Development Authority of Taliaferro County, Georgia",4
"927","Peach County","Middle Georgia Regional Solid Waste Management Authority",5
"928","Peach County","Jasper County Hospital Authority",4
"929","Peach County","Sparta-Hancock Public Facilities Authority",3
"930","Peach County","The Hospital Authority of Peach County",3
"931","Peach County","Housing Authority of the City of Monticello",2
"932","Peachtree City City","City of Peachtree City Public Facilities Authority",12
"933","Pearson City","City of Pearson, Georgia Industrial Authority",3
"934","Pearson City","City of Pearson Public Facilities Authority",3
"935","Pelham City","Pelham Housing Authority",4
"936","Pelham City","Southwest Georgia Joint Development Authority",4
"937","Pelham City","Development Authority of Early County",3
"938","Pelham City","Barrow County Water & Sewerage Authority",2
"939","Pelham City","Downtown Marietta Development Authority",2
"940","Pelham City","Downtown Development Authority of Porterdale",1
"941","Pelham City","Join Development Authority of Mitchell County and Pelham",1
"942","Pelham City","Toccoa/Stephens County Airport Authority",1
"943","Pembroke City","Downtown Development Authority of Pembroke",3
"944","Pembroke City","Sparta-Hancock Public Facilities Authority",3
"945","Pembroke City","Moultrie-Colquitt County Development Authority",2
"946","Pembroke City","Middle Georgia Regional Solid Waste Management Authority",1
"947","Perry City","City of Perry Industrial Building Authority",4
"948","Perry City","Perry Area Convention and Visitors Bureau Authority",4
"949","Pickens County","Coosawattee Regional Water and Sewerage Authority",6
"950","Pickens County","Development Authority of LaFayette",3
"951","Pike County","Pike County Recreation Authority",3
"952","Pinehurst City","Hospital Authority of the City of Bremen and County of Haralson",4
"953","Pine Lake City","Pine Lake Downtown Development Authority",4
"954","Pine Lake City","City of Hartwell Recreation Authority",1
"955","Pineview City","Wilcox County Industrial Development Authority",3
"956","Pitts City","Downtown Development Authority of Pitts, Georgia",4
"957","Pitts City","Wilcox County Industrial Development Authority",3
"958","Polk County","Cedartown Development Authority",2
"959","Polk County","Greater West Georgia Joint Development Authority",2
"960","Pooler City","Pooler Development Authority",4
"961","Porterdale City","Newton County Water and Sewerage Authority",4
"962","Porterdale City","Downtown Development Authority of Porterdale",2
"963","Poulan City","The Development Authority of the City of Camilla",4
"964","Powder Springs City","Powder Springs Downtown Development Authority",4
"965","Powder Springs City","Hawkinsville Development Authority",3
"966","Powder Springs City","Hospital Authority of Calhoun County, Georgia",3
"967","Powder Springs City","Pulaski County-Hawkinsville Development Authority",3
"968","Powder Springs City","Hospital Authority of Pulaski County",2
"969","Pulaski City","Metter-Candler County Airport Authority",4
"970","Putnam County","Sinclair Water Authority",1
"971","Quitman City","Satilla Regional Water and Sewer Authority",4
"972","Quitman City","Quitman Urban Redevelopment Authority",3
"973","Rabun County","Rabun County Convention and Visitors Bureau Authority",2
"974","Rabun County","Rabun County Building Authority",1
"975","Randolph County","Lower Chattahoochee Regional E-911 Authority",4
"976","Randolph County","Tift County Hospital Authority",4
"977","Randolph County","Lower Chattahoochee Regional Airport Authority",1
"978","Randolph County","Lower Chattahoochee Regional Transportation Authority",1
"979","Ray City City","Coweta County Water and Sewerage Authority",3
"980","Rebecca City","Downtown Development Authority of the City of Ashburn",4
"981","Register City","Housing Authority of the City of Perry, Georgia",4
"982","Register City","Downtown Development Authority of the City of Arlington Georgia",3
"983","Reidsville City","Housing Authority of the City of Buford, Georgia",4
"984","Reidsville City","Tattnall County Industrial Development Authority",1
"985","Remerton City","Housing Authority of the City of Ellijay, Georgia",4
"986","Remerton City","Newton County Hospital Authority",4
"987","Rentz City","Development Authority of Monroe County",4
"988","Rentz City","Monroe County Industrial Development Authority",4
"989","Rentz City","Monroe County Public Facilities Authority",4
"990","Resaca City","Hospital Authority of Gordon County",4
"991","Reynolds City","Taylor County Development Authority",3
"992","Reynolds City","Valley Partnership Joint Development Authority",3
"993","Rhine City","Adel Industrial Development Authority",4
"994","Rhine City","Housing Authority of the City of Wrightsville",3
"995","Riceboro City","Development Authority of Richmond County",4
"996","Riceboro City","Downtown Development Authority of Holly Springs",2
"997","Riceboro City","Downtown Development Authority of the City of Warm Springs",1
"998","Richland City","Development Authority of the City of Richland",4
"999","Richland City","The Development Authority of the City of Camilla",4
"1000","Richland City","Downtown Development Authority of the City of Richland, Georgia",3
"1001","Riddleville City","Washington County Public Facilities Authority",4
"1002","Rincon City","Hospital Authority of Effingham County",3
"1003","Ringgold City","Downtown Development Authority of the City of Ringgold, Georgia",3
"1004","Ringgold City","Downtown Development Authority of Bremen",2
"1005","Riverdale City","Hospital Authority of Floyd County",4
"1006","Riverdale City","Pickens County Airport Authority",4
"1007","Riverdale City","Riverdale Development Authority",4
"1008","Riverdale City","Development Authority of Floyd County",3
"1009","Roberta City","Development Authority of Crawford County",4
"1010","Rochelle City","Wilcox County Industrial Development Authority",3
"1011","Rockmart City","Housing Authority of Cobb County",4
"1012","Rockmart City","Bleckley-Cochran Industrial Development Authority",1
"1013","Rockmart City","City of Villa Rica Public Facilities Authority",1
"1014","Rockmart City","Development Authority of Polk County",1
"1015","Rockmart City","Greater West Georgia Joint Development Authority",1
"1016","Rome City","City of Rome School Building Authority",4
"1017","Rome City","Downtown Development Authority of the City of Rome",4
"1018","Rome City","Joint Development Authority of Winder-Barrow County",4
"1019","Rome City","Rome-Floyd County Development Authority",4
"1020","Rome City","Winder-Barrow Industrial Building Authority",4
"1021","Rome City","City of Rome Recreational Facilities Authority",3
"1022","Rome City","Glennville Development Authority",3
"1023","Rossville City","Downtown Development Authority of the City of Rossville",2
"1024","Roswell City","North Fulton Regional Radio System Authority",1
"1025","Royston City","Downtown Development Authority of Tennille, Georgia",4
"1026","Royston City","Downtown Development Authority of the City of Royston",4
"1027","Royston City","Franklin County Industrial Building Authority",4
"1028","Royston City","Valley Partnership Joint Development Authority",4
"1029","Royston City","Washington County Airport Authority",4
"1030","Royston City","Development Authority of the Unified Government of Athens-Clarke County, Georgia",3
"1031","Royston City","Franklin County Water & Sewerage Authority",3
"1032","Royston City","City of Atlanta Fulton County Recreation Authority",2
"1033","Royston City","Hospital Authority of the City of Royston, Georgia",2
"1034","Royston City","Columbus Airport Commission",1
"1035","Rutledge City","Walton Industrial Building Authority",4
"1036","Saint Marys City","St. Marys Downtown Development Authority",4
"1037","Saint Marys City","Camden County Joint Development Authority",3
"1038","Saint Marys City","St. Marys Convention and Visitors Bureau Authority",1
"1039","Sale City City","The Development Authority of the City of Camilla",4
"1040","Sale City City","Hospital Authority of Clay County, Georgia",1
"1041","Sandersville City","Liberty County Industrial Authority",4
"1042","Sandersville City","Sandersville Downtown Development Authority",3
"1043","Sandy Springs City","City of Sandy Springs Public Facilities Authority",17
"1044","Sandy Springs City","City of Sandy Springs Development Authority",6
"1045","Sandy Springs City","Joint Public Safety and Judicial Facilities Authority for the Cities of Sandy Springs, Georgia and J",4
"1046","Sandy Springs City","North Fulton Regional Radio System Authority",1
"1047","Sardis City","Development Authority of Burke County",4
"1048","Sardis City","Elbert County Richard B. Russell Development Authority",3
"1049","Sasser City","Coosawattee Regional Water and Sewerage Authority",4
"1050","Sasser City","The Development Authority of the City of Camilla",4
"1051","Sasser City","Calhoun Recreation Authority",1
"1052","Savannah City","Resource Recovery Development Authority for the City of Savannah",9
"1053","Savannah City","Chatham County/City of Savannah Land Bank Authority",8
"1054","Savannah City","Development Authority for the City of Savannah",4
"1055","Savannah City","Downtown Savannah Authority",4
"1056","Savannah City","Housing Authority of the City of Jasper",2
"1057","Savannah City","Savannah Economic Development Authority",2
"1058","Savannah City","Burke County Hospital Authority",1
"1059","Savannah City","Chatham Area Transit Authority",1
"1060","Savannah City","Development Authority of Seminole County and Donalsonville",1
"1061","Schley County","Schley-Sumter-Macon Counties Joint Development Authority",3
"1062","Schley County","Development Authority of Pike County",2
"1063","Schley County","Downtown Development Authority of the City of Milner",1
"1064","Screven City","Wayne County Solid Waste Management Authority",2
"1065","Screven County","Screven County Public Facilities Authority",12
"1066","Screven County","Downtown Dalton Development Authority",4
"1067","Screven County","Screven County Hospital Authority",4
"1068","Screven County","Northwest Georgia Trade & Convention Center Authority",1
"1069","Senoia City","Downtown Development Authority of the City of Senoia",3
"1070","Senoia City","Development Authority of the City of Senoia, Georgia",1
"1071","Senoia City","Lower Chattahoochee Regional E-911 Authority",1
"1072","Sharon City","McDuffie County Hospital Authority",1
"1073","Sharpsburg City","Oconee County Industrial Development Authority",1
"1074","Shellman City","The Development Authority of the City of Camilla",4
"1075","Shellman City","Development Authority of Randolph County",3
"1076","Shellman City","Randolph County Development Authority",3
"1077","Shellman City","Lower Chattahoochee Regional Airport Authority",2
"1078","Shellman City","Lower Chattahoochee Regional Transportation Authority",1
"1079","Shiloh City","Griffin-Spalding County Development Authority",2
"1080","Sky Valley City","Rabun County Convention and Visitors Bureau Authority",2
"1081","Sky Valley City","Hospital Authority of the City of Smyrna, Georgia",1
"1082","Smithville City","The Development Authority of the City of Camilla",4
"1083","Smyrna City","Downtown Smyrna Development Authority",5
"1084","Smyrna City","Cobb County-Marietta Water Authority",4
"1085","Smyrna City","Cobb-Marietta Coliseum and Exhibit Hall Authority",3
"1086","Snellville City","Downtown Dalton Development Authority",4
"1087","Snellville City","Downtown Development Authority of Snellville, Georgia",4
"1088","Snellville City","The Development Authority of Snellville, Georgia",4
"1089","Snellville City","Urban Redevelopment Agency of the City of Snellville",4
"1090","Social Circle City","Development Authority of Walton County",4
"1091","Social Circle City","Rockdale County Water and Sewerage Authority",2
"1092","Social Circle City","Downtown Development Authority of Social Circle",1
"1093","Social Circle City","Social Circle Development Authority",1
"1094","Soperton City","Soperton Downtown Development Authority",4
"1095","Soperton City","Treutlen County Development Authority",4
"1096","Soperton City","Housing Authority of the City of Soperton",1
"1097","Spalding County","Griffin-Spalding County Airport Authority",4
"1098","Spalding County","Spalding County Water and Sewerage Facilities Authority",4
"1099","Sparks City","Downtown Development Authority of the City of LaFayette",1
"1100","Sparta City","Development Authority of Bartow County",4
"1101","Sparta City","Joint Development Authority of Bartow County and Pickens County",4
"1102","Sparta City","Sparta-Hancock Public Facilities Authority",3
"1103","Sparta City","Bartow-Cartersville Joint Development Authority",2
"1104","Sparta City","Bartow-Cartersville Second Joint Development Authority",2
"1105","Sparta City","Housing Authority of the City of Vienna",2
"1106","Springfield City","Effingham County Industrial Development Authority",4
"1107","Statesboro City","Development Authority of Bowdon, Georgia",1
"1108","Statesboro City","Development Authority of the City of Bowdon",1
"1109","Statham City","Barrow County Airport Authority",1
"1110","Stephens County","Joint Development Authority of Franklin, Hart and Stephens Counties",4
"1111","Stephens County","Toccoa/Stephens County Airport Authority",4
"1112","Stephens County","Stephens County Development Authority",1
"1113","Stewart County","Hospital Authority of the City of Bremen and County of Haralson",4
"1114","Stewart County","Lower Chattahoochee Regional E-911 Authority",2
"1115","Stewart County","Hogansville Downtown Development Authority",1
"1116","Stewart County","Lower Chattahoochee Regional Transportation Authority",1
"1117","Stewart County","Southwest Georgia Regional Development Authority",1
"1118","Stillmore City","Development Authority of Wheeler County",4
"1119","St. Marys City","St. Marys Convention and Visitors Bureau Authority",4
"1120","St. Marys City","St. Marys Downtown Development Authority",4
"1121","St. Marys City","Camden County Joint Development Authority",3
"1122","Stockbridge City","City of Stockbridge, Downtown Development Authority",2
"1123","Stockbridge City","Urban Redevelopment Agency of the City of Stockbridge",1
"1124","Stone Mountain City","Downtown Development Authority of the City of Stone Mountain",4
"1125","Sugar Hill City","City of Sylvania Downtown Development Authority",4
"1126","Sugar Hill City","Development Authority of Rockdale County",4
"1127","Sugar Hill City","Joint Development Authority of Metropolitan Atlanta",4
"1128","Summerville City","Development Authority of the City of Summerville, Georgia",4
"1129","Sumter County","Sumter County Industrial Development Authority",7
"1130","Sumter County","Middle Flint Regional E-911 Authority",3
"1131","Sumter County","Schley-Sumter-Macon Counties Joint Development Authority",1
"1132","Swainsboro City","Development Authority of Emanuel County and the City of Swainsboro",8
"1133","Swainsboro City","Emanuel County Development Authority",8
"1134","Swainsboro City","Development Authority of Emanuel County",4
"1135","Swainsboro City","Emanuel-Johnson County Development Authority",4
"1136","Swainsboro City","Housing Authority of the City of Swainsboro",4
"1137","Sycamore City","McIntosh County Industrial Development Authority",4
"1138","Sylvania City","City of Sylvania Downtown Development Authority",4
"1139","Sylvania City","Screven County Hospital Authority",4
"1140","Sylvester City","Cobb County Kennestone Hospital Authority",4
"1141","Sylvester City","DeKalb County Building Authority",4
"1142","Sylvester City","Development Authority of Jenkins County",4
"1143","Sylvester City","Downtown Development Authority of Sylvester",4
"1144","Sylvester City","Housing Authority of the City of Jasper",4
"1145","Sylvester City","Jenkins County Development Authority",4
"1146","Sylvester City","Urban Redevelopment Agency of DeKalb County, Georgia",4
"1147","Sylvester City","Development Authority of Heard County",3
"1148","Sylvester City","Griffin-Spalding County Airport Authority",3
"1149","Sylvester City","Heard County Public Facilities Authority",1
"1150","Talbot County","Valley Partnership Joint Development Authority",4
"1151","Talbotton City","Middle Flint Regional E-911 Authority",3
"1152","Taliaferro County","Central Savannah River Area Unified Development Authority",4
"1153","Taliaferro County","Development Authority of Taliaferro County, Georgia",4
"1154","Tallapoosa City","Haralson County Solid Waste Management Authority",4
"1155","Tallapoosa City","Haralson County Water Authority",4
"1156","Tallapoosa City","West Georgia Regional Water Authority",3
"1157","Tattnall County","Tattnall County Industrial Development Authority",2
"1158","Tattnall County","Hospital Authority of Tattnall County, Georgia",1
"1159","Taylor County","Taylor County Water and Sewerage Authority",7
"1160","Taylor County","Taylor County Airport Authority",3
"1161","Taylor County","Valley Partnership Joint Development Authority",3
"1162","Taylor County","Taylor County Waste Management Authority",2
"1163","Taylor County","Taylor County Development Authority",1
"1164","Telfair County","Development Authority of Harris County",4
"1165","Telfair County","Downtown Development Authority of the City of Jeffersonville",4
"1166","Telfair County","Telfair County Hospital Authority",3
"1167","Temple City","Okefenokee Area Development Authority",4
"1168","Temple City","Temple Downtown Development Authority",2
"1169","Tennille City","Downtown Development Authority of Tennille, Georgia",4
"1170","Tennille City","Washington County Airport Authority",4
"1171","Terrell County","Development Authority of Terrell County",4
"1172","Terrell County","South Georgia Regional Information Technology Authority",2
"1173","Thomaston City","Thomaston-Upson County Industrial Development Authority",4
"1174","Thomasville City","Downtown Development Authority of the City Thomasville",4
"1175","Thomasville City","South Georgia Governmental Services Authority",4
"1176","Thomasville City","Thomasville Payroll Development Authority",4
"1177","Thomasville City","Thomasville Convention and Visitors Bureau",2
"1178","Thomasville City","Housing Authority of the City of Thomasville, Ga.",1
"1179","Thomson City","Athens-Clarke County Industrial Development Authority",1
"1180","Thomson City","Downtown Development Authority of the City of Thomson",1
"1181","Thunderbolt City","Middle Coastal Unified Development Authority",1
"1182","Thunderbolt City","Palmetto Housing Authority",1
"1183","Tift County","Development Authority of Tift County",4
"1184","Tift County","Gordon County - Floyd County Development Authority",4
"1185","Tift County","Tift County Development Authority",4
"1186","Tift County","Tifton-Tift County Airport Authority",4
"1187","Tift County","Development Authority of the City of Newnan",3
"1188","Tift County","Tift-Turner-Worth-Cook Joint Development Authority",2
"1189","Tift County","Valley Partnership Joint Development Authority",1
"1190","Tifton City","Downtown Development Authority of the City of Tifton",5
"1191","Tifton City","Development Authority of Tift County",4
"1192","Tifton City","Housing Authority of the City of Athens, Georgia",4
"1193","Tifton City","Tift County Development Authority",4
"1194","Tifton City","Tifton-Tift County Airport Authority",4
"1195","Tifton City","Housing Authority of the City of Cave Spring",3
"1196","Tignall City","Thomaston Downtown Development Authority",4
"1197","Toccoa City","Downtown Development Authority of Toccoa",5
"1198","Toccoa City","Cobb County-Marietta Water Authority",4
"1199","Toccoa City","Paulding County Airport Authority",4
"1200","Toccoa City","Paulding County Hospital Authority",4
"1201","Toccoa City","Paulding County Industrial Building Authority",4
"1202","Toccoa City","Stephens County Development Authority",3
"1203","Toccoa City","Toccoa/Stephens County Airport Authority",3
"1204","Toccoa City","West Georgia Regional Water Authority",3
"1205","Toccoa City","City of Perry Industrial Building Authority",2
"1206","Toccoa City","Greater West Georgia Joint Development Authority",2
"1207","Toombs County","Development Authority of Vidalia",4
"1208","Toombs County","Metter-Candler County Airport Authority",4
"1209","Toombs County","Toombs County Development Authority",4
"1210","Toomsboro City","Covington Redevelopment Authority",4
"1211","Toomsboro City","Fall Line Regional Development Authority",4
"1212","Toomsboro City","Development Authority of Wilkinson County",3
"1213","Toomsboro City","Upper Oconee Basin Water Authority",3
"1214","Toomsboro City","Rome-Floyd County Land Bank Authority",1
"1215","Towns County","North Georgia Solid Waste Management Authority",4
"1216","Towns County","Joint Development Authority of Fannin County, Towns County and Union County",3
"1217","Treutlen County","Housing Authority of the City of Doerun, Georgia",4
"1218","Treutlen County","Treutlen County Development Authority",4
"1219","Trion City","Morgan County Building Authority",4
"1220","Troup County","Spalding County Water and Sewerage Facilities Authority",3
"1221","Troup County","South Regional Joint Development Authority",1
"1222","Turin City","Peachtree City Airport Authority",3
"1223","Turin City","Newnan-Coweta County Airport Authority",1
"1224","Turin City","Stephens County School Building Authority",1
"1225","Turner County","Turner County Development Authority",4
"1226","Twin City City","Development Authority of Emanuel County and the City of Swainsboro",4
"1227","Twin City City","Emanuel County Development Authority",4
"1228","Tybee Island City","Hospital Authority of Gordon County",4
"1229","Tybee Island City","Downtown Development Authority of the City of Doraville",2
"1230","Ty Ty City","Development Authority of Alpharetta",4
"1231","Unadilla City","Development Authority of Crawford County",4
"1232","Unadilla City","Development Authority of the City of Vienna",4
"1233","Unadilla City","Downtown Development Authority of the City of Unadilla",4
"1234","Unadilla City","Downtown Development Authority of the City of Vienna",4
"1235","Unadilla City","The Development Authority of the City of Camilla",4
"1236","Union City City","South Fulton Municipal Regional Water and Sewer Authority",4
"1237","Union City City","Southwest Georgia Joint Development Authority",4
"1238","Union City City","South Fulton Municipal Regional Jail Authority",3
"1239","Union City City","Dade County Industrial Development Authority",1
"1240","Union City City","Fayette County Public Facilities Authority",1
"1241","Union County","North Georgia Solid Waste Management Authority",4
"1242","Union County","Joint Development Authority of Fannin County, Towns County and Union County",3
"1243","Union Point City","Greene County Development Authority",4
"1244","Union Point City","Lake Oconee Area Development Authority",4
"1245","Union Point City","Downtown Development Authority of Union Point, GA",3
"1246","Union Point City","Valdosta-Lowndes County Airport Authority",1
"1247","Upson County","Thomaston-Upson County Industrial Development Authority",2
"1248","Upson County","Thomaston-Upson County Office Building Authority",2
"1249","Upson County","West Central Georgia Joint Development Authority",2
"1250","Uvalda City","Development Authority of the City of Forest Park, Georgia",2
"1251","Uvalda City","Henry County Governmental Services Authority",2
"1252","Valdosta City","Deep South Regional Municipal Solid Waste Management Authority",8
"1253","Valdosta City","Valdosta-Lowndes County Land Bank Authority",3
"1254","Valdosta City","Valdosta-Lowndes County Parks & Recreation Authority",3
"1255","Valdosta City","Fairburn Housing Authority",2
"1256","Valdosta City","Rabun County Convention and Visitors Bureau Authority",1
"1257","Vernonburg City","Chatham County Recreation Authority",4
"1258","Vidalia City","McDuffie County Hospital Authority",2
"1259","Vienna City","City of Vienna Solid Waste Management Authority",9
"1260","Vienna City","Development Authority of the City of Vienna",8
"1261","Vienna City","Downtown Development Authority of the City of Vienna",8
"1262","Villa Rica City","City of Villa Rica Public Facilities Authority",14
"1263","Waco City","Haralson County Solid Waste Management Authority",4
"1264","Waco City","Haralson County Water Authority",4
"1265","Waco City","Development Authority of Haralson County",2
"1266","Wadley City","Development Authority of the City of Wadley, GA",6
"1267","Wadley City","Development Authority of Jefferson County, Georgia",4
"1268","Wadley City","Hospital Authority of Floyd County",4
"1269","Waleska City","Cherokee County Development Authority",4
"1270","Waleska City","Downtown Development Authority of the City of Waleska, Georgia",2
"1271","Walker County","Walker County Development Authority",4
"1272","Walker County","Walker County Water and Sewerage Authority",4
"1273","Walnut Grove City","Downtown Development Authority of Walnut Grove",2
"1274","Walton County","Development Authority of Walton County",4
"1275","Walton County","Joint Development Authority of Jasper County, Morgan County, Newton County, and Walton County",4
"1276","Walton County","Walton Industrial Building Authority",4
"1277","Ware County","Okefenokee Area Development Authority",7
"1278","Ware County","Satilla Regional Water and Sewer Authority",4
"1279","Ware County","Downtown Waycross Development Authority",3
"1280","Warm Springs City","Housing Authority of Screven County",4
"1281","Warm Springs City","Meriwether County Water and Sewerage Authority",4
"1282","Warm Springs City","Central Savannah River Area Unified Development Authority",2
"1283","Warner Robins City","Warner Robins Building Authority",8
"1284","Warner Robins City","Warner Robins Public Facilities Authority",8
"1285","Warner Robins City","Housing Authority of the City of Perry, Georgia",4
"1286","Warner Robins City","Downtown Development Authority of the City of Arlington Georgia",3
"1287","Warner Robins City","Hospital Authority of Houston County",3
"1288","Warner Robins City","Downtown Development Authority for the City of Warner Robins",2
"1289","Warner Robins City","Development Authority of Tift County",1
"1290","Warner Robins City","Tift County Development Authority",1
"1291","Warner Robins City","Tifton-Tift County Airport Authority",1
"1292","Warren County","Central Savannah River Area Unified Development Authority",2
"1293","Warrenton City","Downtown Development Authority of the City of Warrenton",4
"1294","Warwick City","The Development Authority of the City of Camilla",4
"1295","Washington City","Washington-Wilkes Payroll Development Authority",4
"1296","Washington City","City of Washington Urban Redevelopment Authority",2
"1297","Watkinsville City","Athens-Clarke County Downtown Development Authority",3
"1298","Watkinsville City","Downtown Athens Development Authority",3
"1299","Watkinsville City","Athens-Clarke County Industrial Development Authority",2
"1300","Watkinsville City","McDuffie County Hospital Authority",1
"1301","Waycross City","Hospital Authority of the City of Bainbridge and Decatur County",4
"1302","Waycross City","Okefenokee Area Development Authority",4
"1303","Waycross City","City of Dawson Development Authority",2
"1304","Waycross City","Downtown Waycross Development Authority",1
"1305","Wayne County","Downtown Development Authority of Hinesville, Georgia",4
"1306","Wayne County","Wayne County Solid Waste Management Authority",4
"1307","Wayne County","Hospital Authority of Liberty County",3
"1308","Wayne County","Liberty County Public Facilities Authority",3
"1309","Wayne County","City of Hinesville Development Authority",2
"1310","Wayne County","Housing Authority of the City of Dublin, Georgia",1
"1311","Wayne County","Pelham Housing Authority",1
"1312","Waynesboro City","Waynesboro Downtown Development Authority",3
"1313","Waynesboro City","Athens-Clarke County Industrial Development Authority",1
"1314","Waynesboro City","Burke County Economic Development Authority",1
"1315","West Point City","Downtown West Point Development Authority",4
"1316","West Point City","Valley Partnership Joint Development Authority",1
"1317","Wheeler County","Telfair-Wheeler Airport Authority",3
"1318","White City","DeKalb County Public Safety and Judicial Facilities Authority",1
"1319","White County","White County Water and Sewerage Authority",7
"1320","White County","Downtown Development Authority Cleveland",4
"1321","White County","White County Building Authority",3
"1322","White Plains City","McDuffie County Hospital Authority",2
"1323","Whitfield County","Dalton-Whitfield Regional Solid Waste Management Authority",4
"1324","Wilcox County","Coweta County Development Authority",4
"1325","Wilcox County","Development Authority of Coweta County",4
"1326","Wilcox County","Wilcox County Industrial Development Authority",1
"1327","Wilkes County","City of Washington Urban Redevelopment Authority",4
"1328","Wilkinson County","Housing Authority of the City of Perry, Georgia",4
"1329","Wilkinson County","Downtown Development Authority of the City of Arlington Georgia",3
"1330","Willacoochee City","City of Willacoochee Development Authority",4
"1331","Willacoochee City","Development Authority of Jasper County",4
"1332","Winder City","Joint Development Authority of Winder-Barrow County",5
"1333","Winder City","Development Authority of Monroe County",4
"1334","Winder City","Monroe County Industrial Development Authority",4
"1335","Winder City","Monroe County Public Facilities Authority",4
"1336","Winder City","Winder-Barrow Industrial Building Authority",4
"1337","Winder City","Barrow County Airport Authority",1
"1338","Winterville City","Downtown Development Authority of the City of Danielsville",4
"1339","Winterville City","Fall Line Regional Development Authority",4
"1340","Woodbine City","Camden County Joint Development Authority",4
"1341","Woodbury City","Development Authority of the City of Woodbury",5
"1342","Woodbury City","Meriwether County Water and Sewerage Authority",4
"1343","Woodland City","City of Willacoochee Development Authority",4
"1344","Woodland City","Henry County Water Authority",3
"1345","Woodland City","Housing Authority of the City of Tallapoosa, Georgia",1
"1346","Woodstock City","Gainesville Redevelopment Authority",3
"1347","Woodstock City","Cherokee County Development Authority",2
"1348","Woodville City","Savannah Economic Development Authority",3
"1349","Wrightsville City","Wrightsville Development Authority, Inc.",6
"1350","Young Harris City","Downtown Development Authority of Blairsville",2
"1351","Young Harris City","Downtown Development Authority of the City of Roswell, Georgia",1
